"","try","item1","item2","item3","item4","item5","item6","item7","item8","item9","item10","item11","item12","item13","item14","item15","item16","item17","item18","item19","item20","item21","item22","item23","item24","item25","item26","item27","item28","item29","item30","item31","item32","item33","item34","item35","item36","item37","item38","item39","item40","item41","item42","item43","item44","item45","item46","item47","item48","item49","item50","item51","item52","item53","item54","item55","item56","item57","item58","item59","item60","item61","item62","item63","item64","item65","item66","item67","item68","item69","item70","item71","item72","item73","item74","item75","item76","item77","item78","item79","item80","form","first_rm","rated","i1","i2","i3","i4","i5","i6","i7","i8","i9","i10","i11","i12","i13","i14","i15","i16","i17","i18","i19","i20","i21","i22","i23","i24","i25","i26","i27","i28","i29","i30","i31","i32","i33","i34","i35","i36","i37","i38","i39","i40","i41","i42","i43","i44","i45","i46","i47","i48","i49","i50","i51","i52","i53","i54","i55","i56","i57","i58","i59","i60","i61","i62","i63","i64","i65","i66","i67","i68","i69","i70","i71","i72","i73","i74","i75","i76","i77","i78","i79","i80","form2","twice2","confirm2","know2","freq2","qx1","qx2","qx3","qx4","qx5","qx6","qx7","qx8","qx9","qx10","qx11","qx12","qx13","qx14","qx15","qx16","qx17","qx18","qx19","qx20","qx21","qx22","qx23","qx24","qx25","qx26","qx27","qx28","qx29","qx30","qx31","qx32","qx33","qx34","qx35","qx36","qx37","qx38","qx39","qx40","qx41","qx42","qx43","qx44","qx45","qx46","qx47","qx48","qx49","qx50","qx51","qx52","qx53","qx54","qx55","qx56","qx57","qx58","qx59","qx60","qx61","qx62","qx63","qx64","qx65","qx66","qx67","qx68","qx69","qx70","qx71","qx72","qx73","qx74","qx75","qx76","qx77","qx78","qx79","qx80","form3","recommend3","confirm3","know3","freq3"
"1","Angel Ayala","2","5","2","2","2","2","2","1","2","3","3","2","3","2","2","1","2","2","2","2","2","2","3","2","2","4","1","1","1","1","2","3","4","3","2","3","3","3","3","4","3","3","4","3","3","4","4","4","2","3","4","2","3","3","5","3","4","3","3","2","4","3","5","2","5","4","4","3","4","4","3","4","4","4","4","4","4","3","2","4","2","whatsthis418@gmail.com","Angel Ayala ","2","1","1","1","1","1","2","1","2","2","3","1","3","1","1","1","1","2","2","2","2","4","4","1","2","4","2","1","2","1","2","3","5","4","2","3","3","2","3","5","3","3","3","4","3","4","4","4","2","2","4","3","4","4","5","2","4","2","4","2","5","3","5","2","5","4","4","4","4","4","4","4","4","4","4","5","2","3","4","5","2","unknownspartan89@gmail.com","Angel Ayala","2","4","1","1","1","1","1","1","1","1","1","2","2","1","4","1","3","3","2","2","3","1","1","4","5","1","2","2","1","2","2","1","4","2","5","2","2","3","2","2","4","4","3","2","5","4","3","4","4","5","4","2","5","4","4","3","5","1","5","4","5","1","3","4","5","1","5","5","5","5","3","2","4","5","5","5","5","4","4","2","2","5","2","Angel Ayala","Angel Ayala","2","3"
"2","bianca soto","2","1","1","4","3","4","2","1","2","1","2","3","3","2","3","3","4","2","3","2","2","4","2","3","1","1","1","1","1","5","5","3","5","3","4","4","4","2",NA,"2","2","4","5","3","4","3","3","3","4","3","5","4","2","4","4","4","5","4","4","4","3","5","5","4","4","4","5","4","5","4","5","5","5","5","5","4","4","5","4","5","1","velezn4@montclair.edu","Bianca Soto","1","5","1","2","5","5","4","5","4","2","2","4","3","2","5","3","2","1","2","2","4","4","5","5","4","5","2","5","3","4","5","2","4","4","4","4","5","3","2","4","3","4","5","5","5","2","3","4","4","3","5","5","5","5","5","4","5","5","5","4","5","5","5","2","5","1","5","5","5","1","4","5","4","5","5","5","1","5","3","5","1","ernest.vidal@hudsoncatholic.org","bianca soto","2","4","2","1","1","4","4","4","1","1","1","1","1","3","1","1","5","4","3","2","2","2","4","2","5","4","3","5","2","2","1","5","5","1","5",NA,"5","2","3","4","1","3","2","1","5","3","4","1","1","4","2","4","4","5","4","4","3","4","3","4","4","4","5","4","5","4","4","3","5","4","4","4","5","4","4","5","4","4","4","5","5","4","1","Bianca Soto ","Bianca Soto ","2","4"
"3","Cassidy Hinkle","2","3","1","1","4","2","4","2","4","1","3","1","2","2","1","2","5","1","4","4","4","2","2","5","4","1","2","2","4","2","1","5","3","4","1","2","4","4","3","2","3","5","3","2","2","2","2","5","4","2","1","3","4","2","5","5","2","5","1","5","1","4","5","1","2","1","4","4","5","3","4","4","3","4","4","3","5","5","5","1","3","vanhinkle@aol.com","Cassidy Hinkle","1","4","1","2","4","2","4","2","5","1","1","2","3","5","4","3","2","2","4","2","2","2","4","2","2","2","2","1","2","4","2","5","4","2","2","2","2","4","2","5","5","4","4","4","2","2","2","4","4","3","4","5","4","4","4","5","4","5","4","4","4","3","4","4","4","3","4","5","5","4","4","4","4","4","3","5","4","4","5","4","3","linnieesq@msn.com","Cassidy HInkle","1","4","2","2","1","2","2","1","2","2","4","1","2","1","4","4","3","5","2","2","5","4","2","2","4","3","2","2","2","1","3","4","3","4","1","4","2","3","1","4","4","3","4","4","4","3","2","2","2","2","5","3","2","5","5","4","4","5","4","4","2","4","4","3","4","4","4","3","4","3","5","3","4","4","2","3","2","4","5","4","5","4","3","Cassidy Hinkle","Cassidy Hinkle","2","2"
"4","Dylan flood","2","1","3","3","3","2","2","1","1","2","1","2","4","1","4","4","3","2","1","3","3","4","2","3","4","2","3","1","2","5","2","3","4","3","2","3","4","2","1","3","3","3","4","3","3","4","3","4","3","4","3","2","4","2","2","4","4","4","2","4","4","4","4","4","4","2","4","4","4","3","5","4","3","5","3","4","2","4","4","4","4","conanshmosby@gmail.com","Dylan Flood","1","1","1","2","1","1","2","1","1","2","1","1","3","1","1","2","1","1","1","4","2","3","1","1","2","2","1","1","1","1","1","2","2","4","2","1","4","4","1","2","2","1","2","2","1","5","4","3","2","4","3","3","3","4","2","5","5","4","5","4","5","4","5","5","3","4","4","5","5","4","5","5","3","5","3","5","5","5","4","5","4","Solace819@gmail.com","Dylan Flood","1","4","1","1","1","1","1","2","2",NA,"1","1","1","1","2","2","2","1","1","2","2","2","2","2","1","2","4","4","2","1","2","2","1","1","3","3","1","2","4","4","1","2","3","2","2","3","3","4","3","4","1","4","2","2","4","3","4","4","4","5","4","4","4","3","4","4","3","5","4","3","3","4","5","4","2","5","4","4","5","4","4","5","4","Dylan Flood","","",""
"5","Evelyn Mozo","1","2","1","1","2","1","4","2","2","4","2","2","2","2","3","2","4","2","4",NA,"2","2","2","3","3","2","2","2","3","2","4","3","4","5","2","1","3","4","4","3","4","3","3","4","2","3","3","2","2","2","2","3","3","3","4","2","4","1","4","3","4","4","5","4","3","4","2","3","2","4","4","3","3","2","4","4","4","2","2","4","2","katy.elizabeth4@gmail.com","Evelyn Mozo","1","1","1","1","2","1","5","1","3","2","1","2","2","2","4","4","4","2","2","2","5","2","2","5","4","2","4","2","4",NA,"5","2","2","5","4","2","4","5","2","4","2","2","1","2","2","2","4","2","1","4","4","4","2","4","2","4","4","2","1","2","2","4","5","2","2","4","1","4","2","2","2","2","3","2","4","4","4","2","2","5","2","rendous8@gmail.com","Evelyn Mozo","1","4","3","1","1","1","5","4","5","3","3","3","1","2","1","5","3","3","3","3","3","1","2","1","1","2","2","2","1","2","5",NA,"5","1",NA,"4","1","4","3","5","4","5","5","1","1",NA,NA,"3","5","5","2","4","3","3","1","1","4","3","5","2","4","2","1","2","4","3","4","4","1","1","3","3","3","2","3","2","5","5","5","2","4","4","2","Evelyn Mozo","Evelyn Mozo","3","3"
"6","farida soliman","4","3",NA,"3","4","4","3","1","5","3","2","2","2","4","1","3","5","2","5","4","4","1","4","4","4","4","2","3","4","2","3","5","4","2","4","2","4","5","4","3","4","5","4","3","5","3","3","3","5","5","2","2","4","4","5","4","5","4","2","3","5","3","5","4","3","4","5","3","2","3","3","4","2","4","4","5","3","5","5","3","3","senssenturk@gmail.com","Farida Soliman","3","5","3","4","5","5","5","3","5","1","1","4","3","5","1","3","5","5","5","5","4","2","1","4","4","3","1","1","4","1","3","2","5","1","3","3","1","2","4","1","3","5","3","5","1","1","2","2","5","5","2","1","2","1","5","4","5","3","1","3","5","1","4","1","4","2","3","3","3","1","1","3","2","3","4","4","5","2","5","3","3","dml.eldvn@gmail.com","farida soliman","1","4","4","4","3","4","4","4","5","2","5","2","2","3","4","4","4","2","4","4","4","5","5","4","2","5","4","2","4","2","4","2","4","2","4","4","2","4","2","2","2","3","2","2","4","4","2","2","2","3","5","4","2","4","4","2","4","2","4","4","1","2","5","2","4","3","2","2","2","2","2","2","4","2","2","4","4","4","2","4","4","4","3","Farida Soliman","Farida Soliman","2","4"
"7","Gina DeCroce","2","1","3","2","2","2","1","2","4","2","1","4","2","4","2","2","2","2","5","4","5","2","2","2","2","2","2","2","2","4","4","4","4","2","2","4","4","2","4","2","4","3","4","4","2","2","2","5","4","4","4","2","4","2","4","3","4","3","2","4","4","2","4","4","4","2","4","4","4","4","4","4","3","4","4","4","2","4","4","4","3","ldcx@aol.com","Gina DeCroce","1","1","2","1","1","2","2","2","4","1","2","2","2","5","2","2","4","2","5","4","2","4","4","4","3","3","2","2","3","2","3","5","4","2","2","4","2","2","2","3","4","4","4","3","4","2","2","2","4","3","2","3","3","3","4","4","4","3","2","4","4","2","5","2","4","5","4","5","4","4","3","4","4","4","5","4","2","4","3","4","3","Jdhugger@aol.com","Gina DeCroce","1","4","1","1","1","1","3","2","2","2","2","1","2","1","1","4","2","2","2","3","4","2","4","2","3","3","4","3","2","2","3","2","3","5","4","2","2","4","2","3","3","4",NA,"3","3","4","2","2","4","2","5","3","3","3","4","4","4","3","4","4","2","3","4","2","3","3","4","3","4","5","4","4","4","4","4","4","5","5","4","5","4","5","3","Gina DeCroce","Gina DeCroce","2","3"
"8","Hailee Donne","2","2","2","4","2","4","4","2","3","2","3","3","1","3","4","4","2","3","4","2","2","4","4","5","2","3","3","2","4","4","4","3","4","2","4","4","4","3","2","4","2","4","5","3","5","3","4","4","2","4","4","3","3","3","4","2","4","3","4","4","4","3","4","4","4","4","4","4","4","4","4","4","3","4","2","4","4","4","4","5","1","lebo39@hotmail.com","Hailee Donne",NA,"1","1","5","4","5","4","1","1","1","2","2","1","2","2","5","2","2","5","5","2","1","1","5","3","2","3","1","1","5","4","2","5","3","4","4","1","3","1","2","2","5","4","4","4","4","1","4","2","4","4","2","4","2","4","2","3","3","4","5","5","4","4","4","4","5","4","2","5","5","5","4","2","4","4","4","5","3","5","4","1","Blupardo@verizon.net","Hailee Donne","1","4",NA,"2","1","1","3","3","3","2","2","1","3","2","1","2","2","4","3",NA,"4","4","2","2","2","4",NA,"4",NA,"1","2","3","4","3","4","3","3","4","3","2",NA,"3","3","4","4","3","4","2",NA,"5","2","3","3","3",NA,"2","3","2","3","3","3",NA,"3","3","3","4","3","5","3","3","3","3","4","4","3","3","4","3","4","3","4","3","1","Hailee Donne","Hailee Donne","2","4"
"9","Jennifer Lopez","1","1","1","1","1","1","1","1","1","2","1","1","1","2","2","2","5","2","5","3","2","4","3","3","3","3","1","5","1","2","5","3","1","4","4","4","3","4","5","5","4","5","1","4","5","4","5","5","1","2","2","4","5","1","5","2","5","2","5","5","5","3","5","3","4","4","2","5","5","5","4","5","4","5","4","5","5","4","1","5","2","martinezh6@montclair.edu","Jennifer Lopez","2","2","2","2","3","4","2","1","2","3",NA,"4","2","2","5","1","5","1","5","2","2","1","3","3","3","4",NA,"5","2","4","5","1",NA,"2","4","4","4","4","4","5",NA,"5","2","4",NA,"3","4","4",NA,"4","4","4","4","4","4","2","4","1","4","5","4","2","4","4","4","4","2","4","5","5","5","4","4","4","3","5","5","4","3","4","2","Gonzalesl5@montclair.edu","Jennifer Lopez ","1","4","3","2","4","3",NA,NA,NA,"3","2","1","3","3","3","1","1","1","3","3","3","3","3","3","3","4","2",NA,NA,"3","3",NA,"3","4","3","3","2","4","4","2","3","3","3","4","4","3","3","4","4","4","3","4","3","4","3","5","4","4","3","3","5","4","4","4","5","4","5","4","4","4","5","4","4","5","4","1","3","4","3","3","4","4","2","Jennifer Lopez ","Jennifer Lopez ","2","4"
"10","Jennifer Siaba ","2","1","2","4","5","2","4","3","2","4","2","3","3","3","4","4","3",NA,"5","1","2","3","5","5","1","5","3","1","2","3","3","3","5","4","3","5","4","2","1","3","3","4","5","4","3","2","3","4","3","2","4","4","5","5","3","4","4","3","3","4","5","4","4","4","2","4","4","2","2","4","3","5","4","4","2","4","3","3","4","5","1","muracaw@gmail.com","Jennifer Siaba","1","1","1","4","4","4","4","2","2","4","1","5","2","4","4","4","1","3","4","2","2","1","5","5","5","1","5","1","1","4","1","3","4","4","5","4","4","1","2","1","5","4","5","4","1","3","1","5","4","4","5","4","3","2","1","5","4","3","1","3","5","4","3","5","4","3","4","3","3","4","5","5","4","4","4","3","2","5","5","4","1","psherman1221@gmail.com","Jennifer Siaba","1","3",NA,"1","1","4","3","2",NA,"2","2","3","2","1","1","3","2","1","2","2",NA,"3","2","2","4","4","3","2","5","1","1","1","2","2","3","2","3","2","2","3","2","2","5","2","5","3","4","2","1","1","2","3","4","3",NA,"2","4","4","5","3","3","3","5","3","3","5","3",NA,"4","4","5","4","4","4","3","5","4","3","4","4","5","4","1","Jennifer Siaba","Jennifer Siaba","3","3"
"11","Jonathan Chaves ","1","1","3","1",NA,"2","4","1","1","1","4","1","3","1","4",NA,NA,"1","1","4","1","3","1","3","1","3","3","4","1","2","3","1","4","4",NA,"1","3","4","1","5","2","3","4","4","3","3","5","5","2","4",NA,"4","5","5","3","4","4","1","4","4","4","2","4","2","3","2","5","4","5","4","5","4","4","4","4","5","4","5","4","4","4","saumellrods1@montclair.edu","Jonathan Chaves","1","1","3","1","3","1","4","1","1","2","5","2","3","1","1","5","1","1","1","3","3","1","3","3","1","2","3","4","1","1","2","1","5","3","3","4","3","4","1","3","5","2","5","5","4","2","5","5","1","4","3","5","4","5","5","4","3","1","5","4","5","1","5","3","3","2","4","5","5","5","5","5","5","5","1","5","5","5","4","5","4","jimenezj7@montclair.edu","Jonathan Chaves","2","4","1","3","3","3","3","3","3",NA,NA,NA,"4","3","2","1","2","2","2","2","3","2","4","4","3","3","2","5","3","4","3","4","4","2","2",NA,"3","4","4","4",NA,"5","2","4","4","4","2","4","3",NA,"3","4","3","3","2","4","5","5","3","4","4","4","4","3","3","4","4","2","2","4","4","3","4","4","3","5","3","3","2","3","5","5","4","Jonathan Chaves","Jonathan Chaves","3","4"
"12","Kate Ascuas","1","1","1","1","2","1","3","3","3","1","3","2","2","2","3","1","4","2","3","2","3","1","3","4","2","3","1","3","2","1","4","4","3","2","2",NA,"2","3","4","4","3","4","4","4","3","4","2","4","2","2","4","4","3","4","4","5","4","3","2","2","4","5","5","2","4","4","3","3","4","4","4","4","4","4","4","4",NA,"4","3","5","2","kateascuasss@gmail.com","Kate Ascuas","1","1","1","1","2","1","3","3","3","1","3","1","2","1","2","1","4","2","3","2","2","2","2","4","2","4","2","3","1","1","4","4","3","2","2",NA,"2","2","4","4","3","4","4","5",NA,"4","1","4","2","2","2","4","3","4","4","5","4","3","2","2","4","5","4","2","4","4","4","2","4","4","4","5","4","4","4","4",NA,"4","4","4","2","kascuas@hcstonline.org","Kate Ascuas","2","4","1","1","1","1","1","1","2","2","4","1","3","3","2","1","1","1","5","1","4","2","1","1","1","4","1","5","1","5","2","1","5","5","3","1","2",NA,"1","1","5","5","2","5","5","5","3","4","1","5","1","1","2","5","2","5","5","5","5","4","1","1","5","5","5","1","4","5","4","2","5","5","5","5","5","4","4","5","3","4","5","5","2","Kate Ascuas","Kate Ascuas","1","4"
"13","Laila Hamade",NA,"2","1","2","3","3","3","2","1","2","2","2","1","2","2","3","2","2","3","3","4","2","3","4","2","2","5","2","3","4","4","2","5","4","4","2","5","2","1","3","4","4","5","3","2","4","3","2","2","2","4","2","5","2","4","2","3","3","4","4","3","4","4","4","4","5","4","2","5","4","5","5","4","4","3","2","4","4","5","5","1","shamade14@gmail.com","Laila Hamade","3","2","1","2","4","4","4","2","2","2","2","5","2","4","4","4","4",NA,"5","3","3","4","2","4","2","2","4","2","2","4","5","2","4","3","3","4","5","2","4","3","3","5","4","3","4","5","2","4","2","4","5","4","4","2","4","3","2","4","4","3","5","4","4","4","4","5","3","2","5","4","4","4","4","5","3","3","4","4","4","4","1","karenhamade@yahoo.com","Laila Hamade","1","4",NA,"1","1","2","4","2","2","2","2","1","1","1","1","1","1","1","2",NA,"4","4","1","2","1","2",NA,"4","4","1","2","4","5","4","4","4","4","2","5","1","4","2","4","5","4","4","5","4","2","3","2","5","4","2",NA,"1","5","2","2","2","4","5","2","2","4","4","4","5","2","2","2","4","4","4","4","4","4","2","2","2","5","5","1","Laila Hamade","Laila Hamade","1","4"
"14","Lisa Squeo","2","2","4","2","2","2","1","1","2","3","1","3","4","5","4","1","2","4","2","5","4","4","3","4","4","1","5","2","5","4","2","2","4","4","2","4","1","3","2","2","4","1","2","2","4","4","1","4","4","4","4","1","4","4","4","4","5","4","4","4","4","2","5","5","4","4","4","4","4","2","4","4","4","5","4","4","4","4","5","5","4","martinezd4@montclair.edu","Lisa Squeo","1","1","2","2","4","4","4","1","1","2","2","3","5","5","4","1","2","4","1","4","4","4","1","2","4","1","5","1","4","4","1","1","4","5","2","5","2","2","1","2","4","2","4","2","5","4","3","5","2","4","4","2","3","5","5","4","4","4","5","4","5","4","4","4","4","5","5","5","4","3","5","4","5","4","5","4","4","4","4","5","4","conowayl1@montclair.edu","Lisa Squeo","1","4","1","1","2","1","2","2","1","1","1","3","2","2","2","5","2","1","1","3","1","3","3","4","3","3","4","1","2","1","3","1","3","1","2","3","2","2","3","3","5","2","4","4","3","3","5","4","5","4","3","3","3","2","4","4","5","5","5","1","5","4",NA,"4","5","4","4","5","5","5","5","5","5","4","4","5","3","4","5","4","4","5","4","Lisa Squeo","Lisa Squeo","2","4"
"15","McKenna Mandarino","1","1","3","1","4","2","1","2","4","1","4","1","2","2","1","1","1","1","3","2","2","1","2","1","3","1","5","2","2","2","2","5","4","2","3","5","5","3","4","3","5","5","4","2","3","4","5","5","5","3","3","3","5","5","5","5","5","5","4","5","4","4","5","3","5","4","3","5","5","5","5","5","5","5","4","4","5","5","5","4","3","ventoc2@montclair.edu","McKenna Mandarino","1","1","1","1","4","1","3","1","4","1","2","1","2","2","1","1","2","1","3","2","2","2","1","2","3","3","1","2","4","1","1","5","4","3","3","5","5","3","4","4","4","4","4","2","1","3","4","4","5","3","4","2","5","4","5","5","5","5","3","5","4","4","5","3","5","4","4","5","5","5","5","5","5","5","5","4","4","5","5","4","3","Sequeraj1@montclair.edu","McKenna Mandarino","1","4","1","2","1","1","4","2","2","2","5","1","3","1","1","5","4","2","2","2","4","2","2","2","2","2","3","3","1","3","5","2","2","3","5","2","2","4","2","3","3","2","4","4","3","4","2","3","4","2","5","2","3","2","3","5","4","3","2","4","3","4","3","4","5","2","3","4","4","5","3","3","4","4","3","4","3","4","3","5","5","4","3","McKenna Mandarino ","McKenna Mandarino ","3","4"
"16","Nafisa Humyra","2","4","2","2","2","4","2","2","2","1","4","2","2","2","2","2","2","2","3","2","2","2","2","2","4","4","2","4","3","2","2","3","2","3","4","4","2","2","3","2","4","2","4","3","2","2","4","4","5","2","2","2","4","4","2","2","4","4","4","3","2","4","4","3","3","2","4","4","3","4","4","4","4","3","3","4","4","4","5","4","3","spare4humi@gmail.com","Nafisa Humyra","1","4","2","2","2","4","2","2","2","1","4","2","2","2","2","2","2","2","2","2","2","2","2","2","2","4","2","4","2","2","2","3","2","3","4","4","2","2","3","2","4","2","4","3","2","2","3","4","4","2","3","2","5","4","2","2","4","4","4","2","2","4","4","3","3","2","4","4","4","4","4","4","4","4","3","4","4","4","5","4","3","spare4humi2@gmail.com","Nafisa Humyra","1","4","2","4","2","2","2","4","2","1","2","1","4","2","2","2","2","2","2","2","3","2","2","2","2","2","2","4","2","4","2","2","2","3","2","3","4","4","2","2","3","2","4","2","4","4","2","3","4","4","4","2","3","2","5","4","2","3","4","4","4","3","2","4","4","2","3","3","4","4","4","4","4","4","4","4","4","4","4","4","4","4","3","Nafisa Humyra","Nafisa Humyra","1","3"
"17","Natalie Velez","5","3","3","2","3","4","4","2","3","2","2","4","2","3","4","4","2","3","4","1","","3","2","4","3","4","2","4","2","4","5","3","4","4","3","4","4","3","2","4","3","5","4","4","4","4","3","3","4","3","3","3","2","3","4","4","4","4","4","4","4","3","4","4","4","4","4","4","3","2","4","4","5","4","4","3","4","4","3","4","1","sotob1@montclair.edu","Natalie Velez","1","1","1","4","4","3","4","1","2","1","1","5","3","1","1","5","4","3","4","1","2","5","2","4","3","1","3","3","1","5","2","4","4","1","5","1","5","2","2","2","2","5","4","4","4","4","3","2","4","2","4","4","3","5","4","5","4","4","1","4","5","5","5","5","5","5","5","4","5","2","4","4","5","5","5","5","4","5","4","5","1","atochai1@montclair.edu","Natalie Velez","3","4","2","4","3","2","2","4","4","2","2","2","4","4","2","4","2","4","2","2","3","2","2","2","2","2","3","2","2","4","2","4","4","4","3","4","2","2","4","3","4","2","2","5","4","3","4","2","2","4","4","2","4","2","2","4","4","5","4","4","4","4","4","3","4","4","4","3","4","4","4","2","4","3","2","3","4","2","4","4","4","4","1","Natalie Velez","Natalie Velez","2","4"
"18","Nielky Liriano ","2","1","2","3","2","2","1","1","3","1","3","2","2","3","1","1","3","2","4","4","3","3","3","2","3","3","3","2","3","2","2","3","3","2","3","1","3","3","3","2","4","3","3","3","3",NA,"5","4","5","4","3","3","4","3","4","4","5","5","1","4","4","3","5","3","1","3","4","3","3","3","5","3","4","4","4","4","3","4","5","5","3","miguellauger108@gmail.com","Nielky Liriano","1","5","1","1","1","1","1","1","3","1","1","1","1","3","5","1","5","1","1","5","1","5","4","1","4","3","1","1","5","4","5","3","5","3","3","1","5","5","1","1","3","3","5","5","4","3","4","5","1","5","3","5","1","5","4","3","5","5","4","3","5","5","5","5","2",NA,"5","5","1","5","5","1","5","5","3","5","3","1","4","4","3","carlaeliriano@gmail.com","Nielky Liriano ","1","4","1","1",NA,"2","2","2","2","2","2","2","3","2","2","4","2","2","2","2","3","3","2","2","3","4","2","3","2","2","2","2","2","4","3","2","3","2","2","3","2","2","4","3","2","2","2","3","4","3","4","3","4","3","3","4","4","4","2","5","4","4","2","3","4","2","4","2","3","4","4","3","4","4","3","4","4","4","4","4","5","4","3","Nielky Liriano ","Nielky Liriano ","2","4"
"19","Rebecca Williams","5","2","1","5","5","5","4","2","5","3","1","4","2","5","2","5","5","1","4","4","5","1","4","4","2","3","2","2","4","3","2","5","4","4","1","2","2","5","4","2","4","2","4","4","2","2","2","5","4","1","4","4","2","5","5","2","4","5","4","4","2","4","3","4","4","2","4","4","4","3","4","4","3","4","3","4","2","2","4","2","3","knurow64@gmail.com","Rebecca Williams",NA,"2",NA,"3","4","2","4","2","4","1","3","3",NA,"4",NA,"4","4","2","5","4","4","4","2","2",NA,"2","2","1",NA,"3","1","4","4","4","3","2","2","4","3",NA,"4","1","4","4","2","2","3",NA,"4","2","3","3","4","4","5","5","4","4","3","4","4","4","3","3","4","2","4","4","5","4","4",NA,"3","4","2","4","3","3","5","4","3","hgarrison04@yahoo.com","Rebecca Williams","4","1","2","2","1","2","5","4","4","3","2","2","3","2","2","4","2","4","3","2","4","5","2","1","2","3","2","4","2","2","3","2","3","4","5","2","2","2","4","4","2","2","2","2","4","2","2","2","3","4","2","2","4","2","4","5","5","4","3","4","4","4","2","4","4","3","4","2","4","4","5","4","4","4","3","4","4","5","2","4","5","4","3","Rebecca Williams","Rebecca williams","1","4"
"20","Sam Mandara","4","1","","4","2","4","5","1","4","3","1","3","1","5","5","5","2","4","5","4","5","1","4","1","4","5","2","5","5","1","3","5","4","3","3","1","4","4","1","3","5","1","4","5","5","1","2","1","5","5","4","5","4","1","3","5","5","5","2","5","4","2","4","5","5","1","4","4","4","5","4","5","4","4","5","4","4","5","5","5","3","dlpersh@optonline.net","Sam Mandara","1","1","1","2","1","1","1","1","1","4","1","2","","2","1","1","2","3","4","2","","2","3","1","4","4","","3","4","2",NA,"3","4","2","1","1","3","2","3","2","2","2","2","","2","1","3",NA,"4","2","4","2","4","2","2","2","3","2","1","2","4","1","4","4","4","2","4","4","5","4","","5","3","4","","4","3","4","4","5","3","   Sambrandan@optonline.net","Sam Mandara","1","4","1","2","4","1","2","2","4","2","2","4","2","2","3","2","2","5","1","2","4","","2","4","4","2","2","2","2","2","3","2","4","4","4","2","2","2","2","2","2","4","4","2","4","4","2","2","3","2","4","2","5","4","4","4","2","4","5","5","2","4","2","4","4","4","5","4","4","4","5","2","2","5","2","5","4","3","4","4","5","4","3","Sam Mandara","Sam Mandara ","1","4"
"21","Sarah Sierra","1","3","3","4","3","2","1","1","3","4","5","3","3","5","4","4","2","4","2","5","2","4","4","1","4","2","3","2","2","4","4","3","2","2","2","4","3","2","2","4","1","3","5","2","3","4","2","4","4","4","4","4","5","2","1","5","4","1","4","4","5","4","4","5","5","2","4","5","5","2","4","4","4","5","4","4","4","4","4","4","4","gcomas14@gmail.com","Sarah Sierra","1","1","3","1","2","1","2","1","1","2","1","1","2","2","1","4","1","1","2","2","2","3","1","3","2","1","1","1","1","1","5","2","2","3","2","1","2","4","2","2","2","3","3","3","2","1","5","2","4","4","4","2","4","3","4","4","4","1","5","4","5","4","5","5","5","1","4","5","5","4","5","4","5","5","4","4","4","4","4","5","4","gabypajaro44@gmail.com","Sarah Sierra","1","4","1","1","3","3","3","1","1","1","1","1","3","1","3","5","4","1","1","1","1","3","5","2","3","2","4","1","1","1","3","1","3","1","1","3","2","1","3","5",NA,"3","5","3","3","1","3","5","3","3","3","5","1","3","5","5","3","5","5","5","3","3","3","4","3","5","5","5","5","5","5","5","5","3","3","5","3","3","4","3","5","5","4","Sarah Sierra","Sarah Sierra","1","4"
"22","Sophia Caparros ","3","3","2","4","4","4","4","1","4","1","5","3","3","3","2","4","2","1","5","4","2","1","1","1","4","1","2","2","4","1","1","3","3","5","1","4","3","1","3","2","2","4","4","4","1","3","2","4","5","1","3","2","5","3","2","5","4","4","4","5","2","4","5","1","4","3","4","4","5","4","5","5","4","4","2","3","5","5","5","4","3","arasim95@students.rowan.edu","Sophia Caparros","1","1","1","1","4","4","4","2","4","1","4","1","1","4","1","5","3","1","2","1","2","2","3","2","2","1","1","2","2","2","1","4","3","2","2","3","4","1","1","2","2","3","4","3","2","2","3","5","4","2","4","4","4","3","3","4","4","4","4","4","3","4","3","2","3","3","4","4","5","3","4","4","2","4","3","3","4","4","5","5","3","eponinemyles@gmail.com","Sophia Caparros ","1","4","1","4","1","1","4","3","4","2","4","1","4","1","1","1","1","2","2","1","4","1","4","2","2","1","1","1","1","5","4","1","1","5","3","4","4","1","4","1","4","2","4","3","2","2","2","4","5","3","4","1","4","3","4","4","1","4","5","5","4","3","1","4","2","2","5","4","5","4","5","5","3","5","4","4","3","3","5","4","5","5","3","Sophia Caparros","Sophia Caparros","1","4"
"23","Stefan Poposki","1","2","2","1","2","4","3","2","1","2","2","3","3","2","2","2","4","2","4","1","2","3","5","3","2","4","3","1","2","5","5","2","3","1","3","4","5","3","3","2","3","5","4","4","4","4","1","4","3","3","4","1","5","2","3","4","5","3","2","4","4","4","5","4","2","4","2","3","2","2","5","5","4","5","4","5","5","4","4","5","1","martinahristovska00@yahoo.com","Stefan Poposki","1","2","1","2","2","4","1","1","1","1","2","1","1","2","2","1","1","2","2","2","2","2","4","2","4","4","2","1","1","3","4","3","3","2","4","4","4","2","1","1","4","4","5","4","4","2","3","3","4","4","4","4","3","2","3","3","4","4","2","4","4","5","5","4","4","4","4","5","4","2","4","3","5","2","4","4","4","4","5","5","1","simonnac13@gmail.com","Stefan Poposki","1","4","2","2","2","2","2","2","2","2","2","","3","3","2","4","2","3","2","3","3","3","3","2","4","3","2","2","2","2","2","4","2","3","2","4","3","4","4","3","2","2","4","4","4","4","3","2","3","4","4","4","3","4","4","4","4","4","4","4","3","4","5","4","4","4","4","4","4","3","4","4","4","4","4","4","4","4","4","4","4","4","1","Stefan Poposki","Stefan Poposki","1","4"
"24","Syeda Zuha Batool","1","1","2","1","1","1","2","4","1","5","1","2","1","1","2","1","2","1","2","2","2","2","1","1","2","1","1","1","1","4","2","1","4","4","3","1","4","2","4","5","3","4","3","4","2","4","2","2","3","1","4","2","1","5","5","4","3","4","4","2","5","2","5","2","4","4","4","3","5","4","5","4","5","1","4","4","5","2","1","4","2","syedakiran12@gmail.com","Syeda Zuha Batool","1","1","1","1","1","1","2","4","1","4","1","2","1","1","1","1","2","1","2","2","1","1","1","1","2","2","1","1","1","5","3","4","5","4","2","4","3","2","4","5","3","2","2","2","2","3","2","1","2","1","4","2","1","5","5","4","4","4","5","2","5","3","4","1","5","5","2","2","5","5","5","4","4","5","5","5","5","2","2","4","2","psara139@gmail.com","Syeda Zuha Batool","1","4","1","1","2","1","1","1","1","4","1","5","1","2","1","1","1","1","1","1","1","1","1","1","1","1","1","1","1","1","1","5","4","1","5","5","2","4","2","2","4","5","1","1","1","2","1","2","1","1","2","1","5","2","1","5","5","4","5","5","5","2","5","2","5","1","5","5","1","1","5","5","5","5","4","5","5","5","5","2","1","5","2","Syeda Zuha Batool","Syeda Zuha Batool","1","3"
"25","Ty-Janay Smith ","1","2","5","1","1","1","4","3","2","1","1","1","1","1","1","2","5","","5","2","1","1","2","5","2","2","1","5","2","1","4","3",NA,"5","4",NA,"3","4","4","5","3","2","3","4","3","3","4","2","2","1","3","4","2","2","4","5","4","2","4","2","5","5","4","2","4","4","2","2","4","4","4","4","4","3","5","1","3","3","2","5","2","tyjtym14@yahoo.com","Ty-Janay Smith","1","1","1","2","1","2","2","2","2","1","1","1","2","1","1","2","5","1","4","1","1","1","2","4","2","4","1","4","4","2","4","1","3","2","4","4","2","2","4","4","2","4","5","5","4","5","2","4","4","1","2","4","2","5","4","4","4","5","4","2","5","5","5","2","5","5","4","5","5","4","5","4","4","4","5","4","5","4","2","5","2","tionnalowe@icloud.com","Ty-Janay Smith ","2","4","3","1","1","1","3","5","5","4","1","1","1","1","3","1","1","1","3","1","5","3","2","3","3","1","3","5","4","1","5","2","5","5","4","5","3","5","5","5","5",NA,"5","4","5","5",NA,"4","5","3","3","1","3","3","2","5","4","5","4","4","5","4","5","5","5","3","5","5","5","5","5","5","5","5","5","5","5","3","5","3","2","3","2","Tyjanay Smith ","Tyjanay Smith ","1","4"
"26","Urszula Molesztak","4","1","1","4","1","2","4","1","1","1","4","1","4","4","3","4","1","5","1","4","1","5","3","2",NA,"1","2","5","1","3","2","3","4","5","1","3","1","5","1","4","1","3","5",NA,"4","5","2","2","2","4","3","2","5","5","1","5","3","4","4","2","5","3","3","3","5","1","5","4","4","2","5","3","3","4","4","1","5","3","4","5","4","moniastre@gmail.com","Urszula Molesztak","4","1","3","1","2","4","2","1","1","1","4","1","5","1","4","5","2","4","1","5","4",NA,"3","1","1","1","1","4","3","2","4","1","2","4","2","1","4","5","1","1","4","1","5",NA,"5","2","2","4","3","3","5","1","4","4","1","5","4","2","3","1","4","4","5","5","5","1","5","5","5","2","5","5","1","5","4","4","4","5","3","5","4","jetixola@gmail.com","Urszula Molesztak","2","3","1","1","5","1","2","4","2","1","2","1","4","2","4","2","2","4","1","4","2","2","2",NA,"2","1","3","1","2","4","4","2","4","1","4","3","2","2","4","4","1","4","1","1","4","3","4","4","2","4","4","5","2","3","4","5","1","5","2","4","3","4","4","2",NA,"4","5","2","5","4","4","1","5","2","4","4","5","3","2","5","4","5","4","Urszula Molesztak","Urszula Molesztak","1","2"
"27","Weronika Mysliwiec ","3","2","1","1","2","4","2","2","5","2","3","2","2","4","3","3","3","2","4","2","4","2","2","1","2","4","3","4","2","3","4","5","4","4","4","2","4","3","4","3","3","4","2","3","2","2","4","4","3","4","2","2","5","2","4","2","4","4","2","4","4","2","5","2","4","2","4","4","5","3","5","4","4","5","4","3","2","5","5","4","3","soltysi1@montclair.edu","Weronika Mysliwiec","1","1","1","1","2","1","2","1","5","1","2","1","1","2","1","2","3","2","5","2","4","2","1","1","4","4","1","4","4","1","2","5","2","2","4","2","5","2","2","2","4","4","1","4","1","2","4","4","5","3","3","2","4","2","2","1","5","5","1","5","5","1","4","2","5","2","4","4","4","4","5","4","4","4","4","5","1","5","5","4","3","david.kobylarz@student.shu.edu","Weronika Mysliwiec ","1","4","2","1","3","1","4","3","3","2","4","3","4","2","1","4","1","4","1","3","3","2","4","2","3","1","3","4","1","3","1","3","2","4","4","2","2","3","4","3","2","3","4","4","1","4","3","4","3","4","3","4","4","4","5","2","4","1","4","5","3","4","2","4","4","3","4","4","4","4","4","3","4","4","4","4","4","4","4","3","5","5","3","Weronika Mysliwiec","Weronika Mysliwiec","1","4"
